averages,heuristics
7517.155181759517,HBI
7349.016329318134,HCI
7394.791953861045,HB
7064.730791675629,HC
7131.67809367606,LB
7233.618422241342,LC
7066.615758765326,HBC
7694.141221337923,HBCI
7295.84168606152,LBC
4935.355865024736,baseline
