averages,heuristics
7561.467793396429,HBI
6986.172705850721,HCI
7431.21639782749,HB
7268.866350505484,HC
7056.111902989889,LB
7266.399505700151,LC
7084.175873413637,HBC
7591.543243063024,HBCI
7271.032105936761,LBC
4828.056063992256,baseline
