averages,heuristics
7489.581709614971,HBI
6860.396227360723,HCI
6733.646633146913,HB
7000.347080770058,HC
7007.843375349537,LB
6569.702961389545,LC
6604.5314674123465,HBC
7178.470046461604,HBCI
7243.012543450205,LBC
4685.850271456227,baseline
