averages,heuristics
7361.257813830931,HBI
6820.869112497311,HCI
7257.309163368466,HB
6744.362778231877,HC
7004.927098946009,LB
7204.14038868574,LC
6555.8126655194665,HBC
7259.021552161756,HBCI
7017.362236072273,LBC
4549.984240374274,baseline
