averages,heuristics
32.70732777534006,HBI
33.63470820535323,HCI
33.98924967090829,HB
32.71171566476525,HC
34.46917507678806,LB
34.99945151382185,LC
34.908293111013606,HBC
32.05857832382624,HBCI
31.308797718297498,LBC
46.4659938569548,baseline
