averages,heuristics
32.274243089074155,HBI
32.83929354980255,HCI
34.01075032909171,HB
33.1912022817025,HC
34.41257130320316,LB
34.10081175954366,LC
35.17869679684072,HBC
32.41706888986398,HBCI
32.36419482229048,LBC
46.74989030276437,baseline
