averages,heuristics
32.674418604651166,HBI
33.36364633611233,HCI
34.0787626151821,HB
33.89304519526108,HC
35.37691970162352,LB
36.56439227731461,LC
35.22378236068451,HBC
33.2011847301448,HBCI
32.52347520842475,LBC
55.89469065379552,baseline
