averages,heuristics
32.7659060991663,HBI
34.91191311978938,HCI
33.95765686704695,HB
35.35103115401492,HC
34.15511189118034,LB
37.304738920579204,LC
34.764150943396224,HBC
32.755923650724,HBCI
32.297279508556386,LBC
56.17112768758227,baseline
