averages,heuristics
7005.956381301558,HBI
6640.896589940421,HCI
6598.785616063245,HB
6351.1669159028415,HC
6717.188714252978,LB
6695.345246677361,LC
6633.913828826765,HBC
6639.020778299724,HBCI
6788.49969340055,LBC
4802.519498052246,baseline
