averages,heuristics
6897.030752291475,HBI
6702.239854949587,HCI
6460.587625802016,HB
6772.357980064161,HC
6613.0724688359305,LB
6639.142546402383,LC
6684.714376031164,HBC
6755.949172662695,HBCI
6844.174062213565,LBC
4813.9209761686525,baseline
