averages,heuristics
6833.625291704859,HBI
6256.389939619616,HCI
6350.046713336389,HB
6323.472490948672,HC
6139.182081805684,LB
6071.224837534372,LC
6113.704737053162,HBC
6730.299933088909,HBCI
6529.082940879927,LBC
4044.984380843263,baseline
