averages,heuristics
6908.742342346472,HBI
6342.447639780018,HCI
6375.274859417965,HB
6443.203736824015,HC
6179.6748861136575,LB
6141.767736938588,LC
6009.0410139780015,HBC
6850.534802360219,HBCI
6597.810491750688,LBC
4096.530180224564,baseline
