averages,heuristics
155854.10679760625,HBI
156097.3019794384,HCI
159274.44867270216,HB
158561.02025471843,HC
160836.99555009973,LB
160591.4936320393,LC
161079.5780266994,HBC
154068.66242135954,HBCI
156435.8229246586,LBC
158088.8255843691,Baseline
156408.6992481203,baseline
156408.6992481203,Baseline
