averages,heuristics
156157.75540893048,HBI
156453.03958876783,HCI
159978.62145158814,HB
157325.5487187356,HC
160909.67776584317,LB
160222.8737148995,LC
161236.70876170017,HBC
155838.63495473377,HBCI
156632.33297529537,LBC
158306.13259338823,Baseline
156417.2809574958,baseline
156417.2809574958,Baseline
