averages,heuristics
156552.71029614852,HBI
158366.23676538284,HCI
158898.329599509,HB
158404.05600736535,HC
161105.35814024857,LB
159451.0021482277,LC
160756.6380236305,HBC
155948.13871413228,HBCI
158303.5901488415,LBC
158642.89553816512,Baseline
155989.45097437472,baseline
155989.45097437472,Baseline
