averages,heuristics
155995.44406935707,HBI
158976.45143470922,HCI
159054.59628663494,HB
158017.59720730397,HC
161073.41675617616,LB
160025.48964247352,LC
160883.3506214516,HBC
155964.43440233235,HBCI
157616.23722571734,LBC
158623.00196068402,Baseline
156108.9407702931,baseline
156108.9407702931,Baseline
