averages,heuristics
27.02301672548719,HBI
27.931870492557927,HCI
29.57004756789934,HB
27.601043424888754,HC
29.02593217738223,LB
29.898879852692957,LC
30.758938161730857,HBC
27.967316249808192,HBCI
27.086389442995245,LBC
28.5403815661603,Baseline
38.23246892742059,baseline
38.23246892742059,Baseline
