averages,heuristics
26.454963940463404,HBI
27.805278502378396,HCI
28.526315789473685,HB
27.78747890133497,HC
29.362897038514653,LB
30.1252109866503,LC
30.54687739757557,HBC
26.913457112168174,HBCI
27.21635721957956,LBC
28.304315209793188,Baseline
38.26223722571736,baseline
38.26223722571736,Baseline
