averages,heuristics
28.226791468467088,HBI
32.09851158508516,HCI
28.542734386987878,HB
28.397575571582017,HC
29.46570507902409,LB
30.241829062452048,LC
31.242749731471537,HBC
28.50851618843026,HBCI
28.091146232929262,LBC
29.423951034047704,Baseline
40.972379929415375,baseline
40.972379929415375,Baseline
