averages,heuristics
28.38468620530919,HBI
31.021328832284794,HCI
28.44713825379776,HB
28.41153905171091,HC
29.52738990332975,LB
27.946908086542887,LC
30.871566671781494,HBC
27.82200398956575,HBCI
29.342335430412767,LBC
29.086099602748373,Baseline
40.73576799140709,baseline
40.73576799140709,Baseline
