averages,heuristics
0.16940138218516892,HBI
0.15972520842474772,HCI
0.15222345326897763,HB
0.17050724001755158,HC
0.15278345765686704,LB
0.18080144800351033,LC
0.16153850372970602,HBC
0.16875438788942515,HBCI
0.1725095436594998,LBC
0.07917924528301887,baseline
