averages,heuristics
0.15724177270732778,HBI
0.15383973233874504,HCI
0.18038701184730146,HB
0.15635936814392276,HC
0.1820255594559017,LB
0.1448161474330847,LC
0.1403809784993418,HBC
0.16726480912681,HBCI
0.17841333918385255,LBC
0.06429585344449322,baseline
