averages,heuristics
0.1590181000438789,HBI
0.17293045195261078,HCI
0.1789870557261957,HB
0.1733012286090391,HC
0.1554020403685827,LB
0.1555750329091707,LC
0.1496293330408074,HBC
0.15627950855638437,HBCI
0.15628971039929795,LBC
0.08238690215006582,baseline
