averages,heuristics
0.15354201404124618,HBI
0.16112362878455463,HCI
0.14784192628345766,HB
0.1536042123738482,HC
0.15167507678806494,LB
0.1481982229047828,LC
0.15064469065379552,HBC
0.1748457656867047,HBCI
0.16661046511627906,LBC
0.07011956998683634,baseline
