averages,heuristics
30.76069549302219,HBI
34.512582932967284,HCI
33.299130633722264,HB
32.847632120796156,HC
33.80565088080531,LB
32.642873484328526,LC
35.3364218714253,HBC
31.175131548844657,HBCI
32.71768474033402,LBC
48.27728208647907,baseline
