averages,heuristics
31.509837565774422,HBI
35.42781972088767,HCI
33.013498055364906,HB
33.84648821779913,HC
33.93239533287577,LB
35.5618851521391,LC
34.983756577442236,HBC
31.927934111187373,HBCI
33.211393273850376,LBC
48.85197895218486,baseline
