averages,heuristics
31.250285975749257,HBI
33.786090139556165,HCI
37.10134980553649,HB
35.76332646991535,HC
36.16609471516816,LB
35.212308396248,LC
35.77613818348204,HBC
32.88972775108671,HBCI
32.99759780370625,LBC
54.3363074811256,baseline
