averages,heuristics
31.951727293525508,HBI
33.764699153511785,HCI
35.51098146877145,HB
34.37096774193548,HC
35.721116449325095,LB
36.23827499428049,LC
38.70487302676733,HBC
31.865133836650653,HBCI
34.90517044154656,LBC
54.62800274536719,baseline
