averages,heuristics
0.11979269149683767,HBI
0.13480252986647928,HCI
0.12201598735066758,HB
0.15187420941672522,HC
0.11607378777231202,LB
0.127371925509487,LC
0.11966057624736472,HBC
0.14038264230498942,HBCI
0.14857132817990162,LBC
0.08816408995080816,baseline
