averages,heuristics
0.13236454673225578,HBI
0.12473875614898101,HCI
0.12490003513703445,HB
0.11927424455375966,HC
0.13149648629655655,LB
0.13179286718200983,LC
0.1306791988756149,HBC
0.1288522487702038,HBCI
0.16150228390723823,LBC
0.06549982431482784,baseline
