averages,heuristics
0.12875702740688688,HBI
0.12654339423752634,HCI
0.13216690091356287,HB
0.1378603302881237,HC
0.11872944483485594,LB
0.11971978215038649,LC
0.15667287420941672,HBC
0.13244413211524944,HBCI
0.13263141250878424,LBC
0.09568640196767393,baseline
