averages,heuristics
0.1195400562192551,HBI
0.13889494026704147,HCI
0.1189783907238229,HB
0.1594274420238932,HC
0.14531746310611385,LB
0.13451124385101895,LC
0.14854884047786365,HBC
0.17729813773717495,HBCI
0.14931254392129303,LBC
0.05818657765284609,baseline
