averages,heuristics
6536.555955615696,HBI
6155.792827875508,HCI
6335.555532476319,HB
6198.73700202977,HC
6177.280594993234,LB
6126.314247767254,LC
6166.432269824087,HBC
6286.2033797023,HBCI
6361.800346278756,LBC
4749.805695940459,baseline
