averages,heuristics
6509.8225135318,HBI
6075.714197834912,HCI
6333.874260893099,HB
6330.319248308526,HC
6220.182250608931,LB
6175.468163734778,LC
6180.375770094723,HBC
6383.882286197564,HBCI
6316.853752232747,LBC
6280.72138260412,Baseline
4791.969260893099,baseline
4791.969260893099,Baseline
