averages,heuristics
6353.262909607578,HBI
6261.765173748309,HCI
5977.495915696888,HB
6227.9598212449255,HC
6030.800221109608,LB
6023.8188092016235,LC
5770.166064411366,HBC
6074.428621244925,HBCI
6438.937013261163,LBC
6128.737172169599,Baseline
4365.755369147497,baseline
4365.755369147497,Baseline
