averages,heuristics
6311.448776725305,HBI
6146.962143707713,HCI
6297.115477401894,HB
6099.170487280108,HC
5959.36943518268,LB
5942.619815696888,LC
5641.370461840324,HBC
6182.828230852504,HBCI
6472.434456562923,LBC
4414.350881461434,baseline
