averages,heuristics
260520.93791136463,HBI
258248.03301886792,HCI
263464.3900833699,HB
260187.00208424748,HC
264583.90346643265,LB
263927.10300570424,LC
265137.82272926724,HBC
257336.30430013163,HBCI
259644.29047827996,LBC
254736.1992101799,baseline
