averages,heuristics
259281.2876261518,HBI
258810.9914436156,HCI
263435.6697016235,HB
259823.53499341817,HC
264353.13679245283,LB
264110.8544317683,LC
264841.7638218517,HBC
258044.9221149627,HBCI
258263.93889863975,LBC
254565.59894690654,baseline
