averages,heuristics
257684.64304519526,HBI
258856.95612110576,HCI
261677.4057700746,HB
261708.8019964897,HC
264346.1127687582,LB
264448.6878016674,LC
263573.2973892058,HBC
258422.67222465994,HBCI
258789.04716981133,LBC
258050.00021939448,baseline
