averages,heuristics
257749.14238701185,HBI
257275.3580517771,HCI
261720.74736726633,HB
260732.7334357174,HC
264668.89425186487,LB
263912.6090390522,LC
264602.88075910485,HBC
255929.1271390961,HBCI
257862.24561211056,LBC
258276.93451075032,baseline
