averages,heuristics
0.14798480896117844,HBI
0.14414347092220345,HCI
0.14884854994629432,HB
0.12853383458646617,HC
0.15579960104342488,LB
0.1337225717354611,LC
0.1516711677152064,HBC
0.14114270369802057,HBCI
0.1420859291084855,LBC
0.10070922203467854,baseline
