averages,heuristics
0.14436259014884148,HBI
0.12828617462022404,HCI
0.1276974067822618,HB
0.11345511738529998,HC
0.10875095903022863,LB
0.11909528924351695,LC
0.12181249040969772,HBC
0.13567776584317937,HBCI
0.14323415682062302,LBC
0.07687033911308885,baseline
