averages,heuristics
0.12748150989719195,HBI
0.17100475678993404,HCI
0.1509426116311186,HB
0.13166963326684059,HC
0.1392135952125211,LB
0.1310219426116311,LC
0.128083167101427,HBC
0.1503516955654442,HBCI
0.163171858216971,LBC
0.06811385606874329,baseline
