averages,heuristics
0.13257971459260395,HBI
0.1606054933251496,HCI
0.13585837041583548,HB
0.14329353997237992,HC
0.13740540125824766,LB
0.1424302593217738,LC
0.14659352462789627,HBC
0.15735537824152215,HBCI
0.1326186895810956,LBC
0.07332300138100353,baseline
