averages,heuristics
7626.782846602608,HBI
6931.726777167696,HCI
7192.462133035918,HB
7223.177688629606,HC
7122.554983413406,LB
7326.282856097003,LC
6831.712519560741,HBC
7484.798787462823,HBCI
7219.2727105925405,LBC
4935.882712537176,baseline
