averages,heuristics
7521.707868107985,HBI
6748.724599977121,HCI
7231.47792324411,HB
7037.6907900937995,HC
7083.393985815603,LB
6793.728279798673,LC
6912.47006874857,HBC
7305.098960535347,HBCI
7153.238241020362,LBC
4898.783867078471,baseline
