averages,heuristics
7332.643962708762,HBI
7012.424622512011,HCI
6787.6102287806,HB
6919.688067833447,HC
6768.521711622054,LB
6630.603453214368,LC
6284.286276595744,HBC
7333.478172614962,HBCI
6835.67265648593,LBC
4469.564718027912,baseline
