averages,heuristics
7515.955734957676,HBI
6986.207563029055,HCI
6529.3452592084195,HB
6703.357281857699,HC
6708.965530542209,LB
6810.090059139786,LC
6738.6056020361475,HBC
7135.937232212309,HBCI
7158.369635209334,LBC
4473.010983756578,baseline
