averages,heuristics
5716.464132729783,HBI
5540.899373484733,HCI
5374.457271904251,HB
5641.33401012736,HC
5502.233290624521,LB
5319.554696179223,LC
5214.817790394353,HBC
5506.3212189657825,HBCI
5727.847218505448,LBC
5504.88100032394,Baseline
4069.9655204848855,baseline
4069.9655204848855,Baseline
