averages,heuristics
5820.054081632654,HBI
5550.221303820777,HCI
5534.058029307964,HB
5646.767570354457,HC
5453.054676845173,LB
5288.83375034525,LC
5243.922026085622,HBC
5660.716090072119,HBCI
5695.914879699248,LBC
5543.726934240362,Baseline
4067.1327675310727,baseline
4067.1327675310727,Baseline
