averages,heuristics
5469.686341875096,HBI
4941.248547644623,HCI
5523.564582936933,HB
5517.301853460181,HC
5427.608287402179,LB
5256.123743747123,LC
5129.949951204542,HBC
5418.952866042658,HBCI
5567.70034678533,LBC
5361.348502344295,Baseline
3839.0036262083786,baseline
3839.0036262083786,Baseline
