averages,heuristics
5455.812674236612,HBI
5082.096707841031,HCI
5537.880710449594,HB
5523.524307043117,HC
5419.855348473223,LB
5656.1651348780115,LC
5186.311306582784,HBC
5545.52533343563,HBCI
5356.703260856222,LBC
5418.208309310691,Baseline
3864.6834278042043,baseline
3864.6834278042043,Baseline
