averages,heuristics
150761.96723182264,HBI
151401.2259537007,HCI
153254.2515487447,HB
152594.8977828497,HC
155843.34153896317,LB
154043.02885555918,LC
156049.5945549397,HBC
149436.1434626671,HBCI
151420.96788392565,LBC
152756.15764590807,Baseline
148163.53325725463,baseline
148163.53325725463,Baseline
