averages,heuristics
149866.20280404305,HBI
151494.99934789696,HCI
153302.6216172155,HB
152835.2810564069,HC
155615.56406912292,LB
154118.03048581677,LC
155857.03961525921,HBC
149328.8697424193,HBCI
151628.52005216826,LBC
152671.90319892764,Baseline
145910.69139223997,baseline
145910.69139223997,Baseline
