averages,heuristics
148790.44457124226,HBI
150740.76328659928,HCI
153699.28708835997,HB
152984.11982393218,HC
155100.81040104336,LB
154117.24388653407,LC
155653.71682425824,HBC
149148.2880665145,HBCI
152817.31398761005,LBC
152561.33199289933,Baseline
149028.30697750245,baseline
149028.30697750245,Baseline
