averages,heuristics
149616.81969351158,HBI
150269.30224975545,HCI
153627.03293120314,HB
152010.85425497228,HC
155100.4466905771,LB
154058.68503423542,LC
155203.63253994132,HBC
149382.76230844474,HBCI
152171.5921095533,LBC
152382.34753468828,Baseline
149133.94652755136,baseline
149133.94652755136,Baseline
