averages,heuristics
27.29796205200281,HBI
26.52898805340829,HCI
27.665495432185523,HB
26.782853127196066,HC
27.51089248067463,LB
27.860505973295854,LC
27.04761068165847,HBC
26.58046380885453,HBCI
25.903900210822208,LBC
27.019852424455376,Baseline
34.277231201686575,baseline
34.277231201686575,Baseline
