averages,heuristics
26.5720309205903,HBI
25.96890372452565,HCI
27.77986647926915,HB
27.530569219957837,HC
27.367884750527054,LB
27.91971187631764,LC
26.97944483485594,HBC
26.098910751932536,HBCI
26.37912860154603,LBC
26.955161239946904,Baseline
34.192199578355584,baseline
34.192199578355584,Baseline
