averages,heuristics
25.74402670414617,HBI
27.588721011946593,HCI
26.841531974701336,HB
27.390196767392833,HC
27.095924104005622,LB
27.45238931834153,LC
26.837139845397047,HBC
26.672698524244552,HBCI
26.377723120168657,LBC
31.888615600843288,baseline
