averages,heuristics
25.20326774420239,HBI
26.874736472241743,HCI
27.401967673928322,HB
27.081693605059733,HC
27.01581166549543,LB
26.269149683766692,LC
26.67217146872804,HBC
25.341180604356992,HBCI
25.251581166549542,LBC
26.345728898258763,Baseline
32.14125087842586,baseline
32.14125087842586,Baseline
