averages,heuristics
6597.842171527778,HBI
6494.997171527778,HCI
6547.367240509259,HB
6560.90763738426,HC
6715.970223032408,LB
6243.918016319444,LC
6555.226761921297,HBC
6782.413008101852,HBCI
6741.078775925925,LBC
4650.055117824074,baseline
