averages,heuristics
6760.497412847223,HBI
6370.070455092593,HCI
6291.149849074074,HB
6601.244693171297,HC
6625.242559375,LB
6239.612640625,LC
6433.734673842593,HBC
6790.932767476851,HBCI
6864.063862384259,LBC
4676.193634837963,baseline
