averages,heuristics
6826.341867013889,HBI
6792.1067532407405,HCI
6618.152721412037,HB
6624.9252168981475,HC
6316.826208912037,LB
6404.086134259259,LC
6169.407080324074,HBC
6818.564585763889,HBCI
6767.2032476851855,LBC
4084.42551701389,baseline
