averages,heuristics
6758.056021874999,HBI
6643.728624074075,HCI
6630.669245138889,HB
6461.193165046296,HC
6464.0802478009255,LB
6532.7787613425935,LC
5977.496413888889,HBC
6876.059402430556,HBCI
6940.092248842593,LBC
4109.356144212963,baseline
