averages,heuristics
31.727083333333333,HBI
32.25370370370371,HCI
32.47210648148148,HB
32.2875,HC
31.799305555555556,LB
34.375,LC
32.698495370370374,HBC
30.767592592592592,HBCI
31.15474537037037,LBC
45.06527777777778,baseline
