averages,heuristics
30.92048611111111,HBI
33.06273148148148,HCI
34.057291666666664,HB
32.092708333333334,HC
32.258101851851855,LB
34.451967592592595,LC
33.38333333333333,HBC
30.65474537037037,HBCI
30.527314814814815,LBC
44.69050925925926,baseline
