averages,heuristics
30.799074074074074,HBI
31.166782407407407,HCI
31.991550925925925,HB
32.70104166666667,HC
33.02916666666667,LB
32.55393518518518,LC
36.02824074074074,HBC
30.22835648148148,HBCI
29.991435185185185,LBC
51.7375,baseline
