averages,heuristics
30.57349537037037,HBI
30.43136574074074,HCI
32.06759259259259,HB
31.748958333333334,HC
33.87372685185185,LB
33.23206018518518,LC
34.78761574074074,HBC
30.42361111111111,HBCI
31.091087962962963,LBC
52.127546296296295,baseline
