averages,heuristics
32.224887072488706,HBI
32.93568509356851,HCI
33.42923209292321,HB
34.919014841901486,HC
35.08464185846419,LB
34.39653688965369,LC
35.42858679285868,HBC
31.213916971391697,HBCI
33.40761454076146,LBC
49.162830716283075,baseline
