averages,heuristics
32.100666810066684,HBI
34.99526779952678,HCI
33.198107119810714,HB
33.607442460744245,HC
35.480640998064096,LB
34.10507636050764,LC
35.4323510432351,HBC
31.77640352764035,HBCI
33.738008173800814,LBC
51.09270810927081,baseline
