averages,heuristics
32.8472789847279,HBI
35.87481178748118,HCI
34.02323080232308,HB
36.841148634114866,HC
35.62841471284147,LB
34.21101312110131,LC
38.19735426973543,HBC
33.34760163476016,HBCI
35.35534523553452,LBC
54.10819531081953,baseline
