averages,heuristics
32.30694773069477,HBI
35.75521617552162,HCI
37.2526349752635,HB
35.163583566358355,HC
35.79909657990966,LB
38.17573671757367,LC
37.879759087975906,HBC
33.77909227790923,HBCI
33.860615186061516,LBC
51.368251236825124,baseline
