averages,heuristics
5709.414934108528,HBI
5754.730114699971,HCI
5751.405356445593,HB
5810.391346683893,HC
5619.509798162502,LB
5541.815221791559,LC
5441.734817829458,HBC
5981.623429514785,HBCI
5875.004049956933,LBC
5720.62545213258,Baseline
4268.705589290841,baseline
4268.705589290841,Baseline
