averages,heuristics
5783.030894918174,HBI
5823.275118001722,HCI
5740.33834008039,HB
5907.51744200402,HC
5633.042893339076,LB
5696.026765862763,LC
5454.583339936836,HBC
5988.671671834626,HBCI
5841.508186333621,LBC
5763.11051692347,Baseline
4222.749170829745,baseline
4222.749170829745,Baseline
