averages,heuristics
5751.961826586275,HBI
5761.797270887167,HCI
5621.860143123744,HB
5660.341984639678,HC
5665.611609244904,LB
5443.064169250646,LC
5390.081694946884,HBC
5564.1428949181745,HBCI
5756.833269164514,LBC
5623.966095862442,Baseline
4405.804881854723,baseline
4405.804881854723,Baseline
