averages,heuristics
5721.026486792995,HBI
5778.791170111972,HCI
5604.290363336204,HB
5885.353079242032,HC
5613.089445592879,LB
5641.651044932531,LC
5361.690172695952,HBC
5715.03118762561,HBCI
6034.595272322711,LBC
5706.168691405876,Baseline
4378.970327447603,baseline
4378.970327447603,Baseline
