averages,heuristics
0.17314115490375803,HBI
0.16211251145737857,HCI
0.16085815765352887,HB
0.1546915673693859,HC
0.1426833180568286,LB
0.14142736021998167,LC
0.13157905591200733,HBC
0.15625458295142072,HBCI
0.16001306141154906,LBC
0.07247376260311642,baseline
