averages,heuristics
0.1492859761686526,HBI
0.15269053620531622,HCI
0.15345795142071492,HB
0.1543151924839597,HC
0.1545988771769019,LB
0.15962007332722272,LC
0.1532716544454629,HBC
0.13981186984417965,HBCI
0.16728884051329057,LBC
0.07514069660861597,baseline
