averages,heuristics
0.14156679651695692,HBI
0.156224564619615,HCI
0.15369534830430798,HB
0.16427772685609535,HC
0.16194294225481212,LB
0.1512058890925756,LC
0.152577222731439,HBC
0.17028150779101742,HBCI
0.1625517873510541,LBC
0.08311205316223648,baseline
