averages,heuristics
0.15496001374885426,HBI
0.13254605866177818,HCI
0.18762534372135656,HB
0.13950492667277728,HC
0.16587889550870763,LB
0.16342392300641614,LC
0.1510615261228231,HBC
0.13914527956003667,HBCI
0.1822164298808433,LBC
0.07277474793767187,baseline
