averages,heuristics
25.916204760352137,HBI
27.69709814150636,HCI
26.075317900228235,HB
28.14492989892403,HC
27.95777632865993,LB
26.501956309096837,LC
27.58020867297033,HBC
26.474078904466907,HBCI
26.5,LBC
26.98306343513386,Baseline
32.761656341701986,baseline
32.761656341701986,Baseline
