averages,heuristics
27.711607433974567,HBI
27.217965438539288,HCI
26.537495924356048,HB
27.172807303553963,HC
27.8672970329312,LB
27.010759700032605,LC
27.654059341375937,HBC
26.264427779589177,HBCI
25.810564069122922,LBC
27.02744266927508,Baseline
34.098141506358004,baseline
34.098141506358004,Baseline
