averages,heuristics
25.831431366155854,HBI
27.452722530159765,HCI
27.98483860449951,HB
28.287903488751223,HC
27.575154874470165,LB
27.75529833713727,LC
28.440658624062603,HBC
26.70231496576459,HBCI
27.86794913596348,LBC
27.544252436329383,Baseline
37.53635474404956,baseline
37.53635474404956,Baseline
