averages,heuristics
26.479947831757418,HBI
27.590805347244864,HCI
27.945712422562764,HB
26.983208346918815,HC
27.637104662536682,LB
28.882621454189763,LC
28.51483534398435,HBC
26.17378545810238,HBCI
27.628301271600915,LBC
27.537369126544217,Baseline
37.50146723182263,baseline
37.50146723182263,Baseline
