averages,heuristics
30.89390467461045,HBI
32.099335472044,HCI
33.83237855178735,HB
31.81244271310724,HC
33.12465627864345,LB
32.91532997250229,LC
32.92942254812099,HBC
31.53861136571952,HBCI
31.452337305224564,LBC
44.8480751604033,baseline
