averages,heuristics
30.397456461961504,HBI
32.54491292392301,HCI
33.03712190650779,HB
34.194202566452795,HC
32.61354262144821,LB
32.72960586617782,LC
33.13874885426215,HBC
32.39539413382218,HBCI
31.950733272227314,LBC
45.10632447296059,baseline
