averages,heuristics
31.190765352887258,HBI
34.95199358386801,HCI
34.57229605866178,HB
34.72834555453712,HC
36.13233272227314,LB
36.29353803849679,LC
36.05316223648029,HBC
31.523831347387716,HBCI
33.156393217231894,LBC
54.87076076993584,baseline
