averages,heuristics
30.859074243813016,HBI
34.261571952337306,HCI
34.4224335472044,HB
33.96585701191567,HC
35.839252978918424,LB
35.80659945004583,LC
36.87568744271311,HBC
30.685609532538955,HBCI
32.76466544454629,LBC
53.85563703024748,baseline
