averages,heuristics
29.22223712446352,HBI
29.99329399141631,HCI
31.536614806866954,HB
29.967140557939913,HC
31.200241416309012,LB
31.500134120171673,LC
32.78299356223176,HBC
28.820144849785407,HBCI
29.953057939914164,LBC
30.55287315212208,Baseline
45.219688841201716,baseline
45.219688841201716,Baseline
