averages,heuristics
28.707483905579398,HBI
28.955337982832617,HCI
32.0768508583691,HB
30.180659871244636,HC
31.281384120171673,LB
30.96942060085837,LC
32.594688841201716,HBC
28.289163090128756,HBCI
29.634254291845494,LBC
30.29880484024797,Baseline
45.210032188841204,baseline
45.210032188841204,Baseline
