averages,heuristics
29.019447424892704,HBI
31.575375536480685,HCI
32.89605686695279,HB
31.478138412017167,HC
31.567730686695278,LB
32.712446351931334,LC
31.94031652360515,HBC
29.52736051502146,HBCI
31.210166309012877,LBC
31.325226514067715,Baseline
47.98122317596567,baseline
47.98122317596567,Baseline
