averages,heuristics
28.041979613733904,HBI
30.333959227467812,HCI
32.772532188841204,HB
31.18964592274678,HC
31.122049356223176,LB
31.32162017167382,LC
32.08074034334764,HBC
29.125938841201716,HBCI
30.692596566523605,LBC
30.742340247973296,Baseline
48.61534334763949,baseline
48.61534334763949,Baseline
