averages,heuristics
213068.6898148148,HBI
213794.32407407407,HCI
217192.4869212963,HB
215183.30706018518,HC
217783.17916666667,LB
217982.7798611111,LC
217959.20520833333,HBC
212034.22430555554,HBCI
213450.94872685184,LBC
209926.69074074074,baseline
