averages,heuristics
212991.3872685185,HBI
213392.74537037036,HCI
216248.40462962963,HB
215139.30729166666,HC
217456.31400462962,LB
217641.71203703704,LC
217754.0005787037,HBC
212629.95844907407,HBCI
213840.81076388888,LBC
210231.96886574075,baseline
