averages,heuristics
212453.61435185187,HBI
210802.27349537038,HCI
216130.63599537036,HB
214624.9857638889,HC
217630.71041666667,LB
216754.77997685186,LC
218284.12083333332,HBC
212106.20405092594,HBCI
212137.4445601852,LBC
212469.9189814815,baseline
