averages,heuristics
212731.59826388888,HBI
210995.24398148147,HCI
216212.51979166668,HB
213905.7258101852,HC
217125.9503472222,LB
216515.89641203705,LC
217568.83402777778,HBC
211766.19131944445,HBCI
213918.34826388888,LBC
212520.55439814815,baseline
