averages,heuristics
0.15411333154506437,HBI
0.1400804721030043,HCI
0.12236051502145921,HB
0.1455261534334764,HC
0.1301696620171674,LB
0.12643521995708154,LC
0.14038546137339056,HBC
0.12341094420600858,HBCI
0.15551381437768239,LBC
0.07430619635193134,baseline
