averages,heuristics
0.14783811695278973,HBI
0.1448339592274678,HCI
0.13776327789699572,HB
0.13977896995708156,HC
0.1403048551502146,LB
0.19257604613733909,LC
0.14078192060085837,HBC
0.1348913626609442,HBCI
0.14576515557939912,LBC
0.07626475321888414,baseline
