averages,heuristics
0.16522196888412016,HBI
0.16061427038626608,HCI
0.13687325643776824,HB
0.15464471566523605,HC
0.15962204935622318,LB
0.1478544796137339,LC
0.1650148873390558,HBC
0.15173792918454934,HBCI
0.16377990879828327,LBC
0.08317596566523607,baseline
