averages,heuristics
0.13416925965665236,HBI
0.15466335836909872,HCI
0.13610273605150214,HB
0.1382612660944206,HC
0.13832202253218884,LB
0.15246284871244636,LC
0.14274745171673817,HBC
0.176324436695279,HBCI
0.14524678111587982,LBC
0.06775885193133048,baseline
