averages,heuristics
0.12863953488372093,HBI
0.16535716336491527,HCI
0.13538242894056846,HB
0.12518891759977033,HC
0.1227835199540626,LB
0.12157062876830318,LC
0.13968719494688486,HBC
0.15446971002009763,HBCI
0.13849971289118576,LBC
0.06304880849842091,baseline
