averages,heuristics
0.14540037324145855,HBI
0.14119236290554119,HCI
0.15198621877691643,HB
0.13854550674705712,HC
0.11727002583979329,LB
0.13601105368934827,LC
0.1292037037037037,HBC
0.14779112833763997,HBCI
0.16174074074074074,LBC
0.07744860752225094,baseline
