averages,heuristics
0.1485288544358312,HBI
0.15635170829744477,HCI
0.15471662360034452,HB
0.15292793568762558,HC
0.1407862474877979,LB
0.1339392764857881,LC
0.14150689061154179,HBC
0.12954349698535744,HBCI
0.1484908125179443,LBC
0.06910766580534024,baseline
