averages,heuristics
0.1372871088142406,HBI
0.16573140970427794,HCI
0.14716149870801032,HB
0.16339879414298017,HC
0.15072638530002871,LB
0.14341200114843528,LC
0.1225212460522538,HBC
0.13534223370657478,HBCI
0.15111843238587425,LBC
0.06983476887740454,baseline
