averages,heuristics
7785.725830627467,HBI
7577.02634444932,HCI
7618.072325581395,HB
7812.061616498464,HC
7542.362809236508,LB
7439.293930013164,LC
7458.201114414216,HBC
7907.952333040808,HBCI
8104.267018867926,LBC
5399.5994597411145,baseline
