averages,heuristics
7926.60011430452,HBI
7731.293229047828,HCI
7639.474821193506,HB
7704.515296731021,HC
7559.116143045194,LB
7614.7086328433525,LC
7407.940559017114,HBC
7813.439127797278,HBCI
7879.592317792893,LBC
5374.21341904344,baseline
