averages,heuristics
7746.135756362439,HBI
7302.0693469723565,HCI
7567.6475674637995,HB
7285.771480693286,HC
7600.8911071741995,LB
6981.045857064502,LC
7463.007957985959,HBC
7744.724774462484,HBCI
7866.283508666082,LBC
4637.459188021062,baseline
