averages,heuristics
7753.044533567354,HBI
7595.357056823169,HCI
7545.282740566037,HB
7563.812413448881,HC
7356.2321688240445,LB
7113.721952610794,LC
7386.207824703818,HBC
7583.005739798157,HBCI
7795.25400318122,LBC
4657.554247915753,baseline
