averages,heuristics
0.16143138309313831,HBI
0.1518934179393418,HCI
0.16740255969025597,HB
0.18531888578188857,HC
0.1472113357711336,LB
0.15022402667240264,LC
0.14339492363949238,HBC
0.16542030544203054,HBCI
0.18399526779952677,LBC
0.06637233813723382,baseline
