averages,heuristics
0.16749128844912886,HBI
0.16626306732630672,HCI
0.16362056356205637,HB
0.15607367175736714,HC
0.1710996988599699,LB
0.15026274467627448,LC
0.15924940847494085,HBC
0.15441073349107334,HBCI
0.17757851150785114,LBC
0.07795450634545065,baseline
