averages,heuristics
0.17794149279414928,HBI
0.17698741664874168,HCI
0.174365239836524,HB
0.17769337491933748,HC
0.1740582921058292,LB
0.16973230802323078,LC
0.17128984727898472,HBC
0.15567810281781028,HBCI
0.1918805119380512,LBC
0.07515110776511079,baseline
