averages,heuristics
0.16779705312970533,HBI
0.15473940632394065,HCI
0.16617767261776728,HB
0.1766795009679501,HC
0.18255377500537748,LB
0.1863805119380512,LC
0.18471875672187568,HBC
0.17148117874811789,HBCI
0.17323284577328457,LBC
0.08131533663153367,baseline
