averages,heuristics
6189.605115477469,HBI
6122.60235930794,HCI
5702.67682805794,HB
5975.530503353004,HC
5855.475693803648,LB
5882.673343213519,LC
5621.056744366953,HBC
6215.589075509657,HBCI
6076.727149946352,LBC
5960.215201448499,Baseline
4017.795600724249,baseline
4017.795600724249,Baseline
