averages,heuristics
6098.0344169796135,HBI
5958.842486990344,HCI
5780.540040370171,HB
6016.122002548284,HC
5859.27743025751,LB
5790.152042918455,LC
5594.858334361588,HBC
6132.253168723176,HBCI
6006.0684464860515,LBC
5915.127596626133,Baseline
4014.192449436695,baseline
4014.192449436695,Baseline
