averages,heuristics
6296.577344822961,HBI
5861.380879291845,HCI
5581.450732430258,HB
5804.803911614807,HC
5860.084680391631,LB
5808.298751609442,LC
5713.0993241684555,HBC
6058.03499195279,HBCI
5903.9442866148065,LBC
5876.408322544111,Baseline
3736.7645709495705,baseline
3736.7645709495705,Baseline
