averages,heuristics
6117.089019045064,HBI
5683.222763143776,HCI
5553.548459361588,HB
5744.676447290773,HC
5790.023123122318,LB
5591.170921271459,LC
5729.057772398069,HBC
5996.099111453862,HBCI
5829.700851394849,LBC
5781.620940942417,Baseline
3765.8279615075107,baseline
3765.8279615075107,Baseline
