averages,heuristics
28.042489851150204,HBI
30.430446549391068,HCI
29.536129905277402,HB
29.08741542625169,HC
30.495399188092016,LB
30.671177266576453,LC
30.601759133964816,HBC
28.44763193504736,HBCI
29.343978349120434,LBC
29.628491956096827,Baseline
38.32990527740189,baseline
38.32990527740189,Baseline
