averages,heuristics
28.1192151556157,HBI
29.663328822733423,HCI
29.43301759133965,HB
29.72516914749662,HC
30.613125845737482,LB
30.843978349120434,LC
30.744519621109607,HBC
28.987821380243574,HBCI
29.030581867388364,LBC
38.88389715832206,baseline
