averages,heuristics
28.837212449255752,HBI
29.024357239512856,HCI
31.36617050067659,HB
29.8404600811908,HC
31.33423545331529,LB
31.325845737483085,LC
32.92083897158322,HBC
30.097564276048715,HBCI
28.35507442489851,LBC
30.34463990377387,Baseline
42.02381596752368,baseline
42.02381596752368,Baseline
