averages,heuristics
28.905142083897157,HBI
29.778213802435722,HCI
29.705412719891747,HB
30.557916102841677,HC
31.75764546684709,LB
31.667794316644112,LC
33.690121786197565,HBC
29.317591339648175,HBCI
28.33464140730717,LBC
41.33125845737483,baseline
