averages,heuristics
214472.15146654446,HBI
215818.85552245646,HCI
218760.9367552704,HB
216639.0005728689,HC
220136.24816681942,LB
219125.39676901925,LC
220609.62431255728,HBC
214569.0861594867,HBCI
215097.63554078827,LBC
210625.48029330888,baseline
