averages,heuristics
214462.44099450044,HBI
216445.7640925756,HCI
218121.8916131989,HB
216929.1299266728,HC
220098.1385197067,LB
219219.0371219065,LC
220636.00985334555,HBC
216137.3132447296,HBCI
217098.94752520623,LBC
211154.69592117323,baseline
