averages,heuristics
214429.26775893677,HBI
217672.1296975252,HCI
218763.42312098993,HB
218520.42690192483,HC
220532.75446837762,LB
219892.62316681942,LC
220237.76970669112,HBC
213548.3284830431,HBCI
215655.41475710357,LBC
214433.794340055,baseline
