averages,heuristics
214575.678964253,HBI
216799.1227085243,HCI
218393.9421402383,HB
218460.67701649864,HC
220446.62225022915,LB
219676.25274977085,LC
220682.7103574702,HBC
211866.67907882677,HBCI
215670.5449129239,LBC
214184.22823098075,baseline
