averages,heuristics
0.15911712962962962,HBI
0.15620937499999998,HCI
0.16528668981481484,HB
0.15260127314814814,HC
0.13878310185185186,LB
0.13057673611111112,LC
0.1334167824074074,HBC
0.16614502314814814,HBCI
0.1516384259259259,LBC
0.07213287037037036,baseline
