averages,heuristics
0.15461643518518514,HBI
0.1468003472222222,HCI
0.1521204861111111,HB
0.15017222222222223,HC
0.14091041666666665,LB
0.14692523148148148,LC
0.12634305555555556,HBC
0.1469170138888889,HBCI
0.14310555555555557,LBC
0.08662476851851851,baseline
