averages,heuristics
0.14012152777777775,HBI
0.15741226851851853,HCI
0.14975810185185184,HB
0.17292349537037038,HC
0.14498541666666667,LB
0.17218009259259262,LC
0.15564108796296297,HBC
0.15863113425925923,HBCI
0.1882306712962963,LBC
0.11216284722222221,baseline
