averages,heuristics
0.14118715277777777,HBI
0.15638796296296295,HCI
0.13954444444444444,HB
0.15220115740740742,HC
0.15013263888888886,LB
0.15124375,LC
0.14901631944444443,HBC
0.14930671296296297,HBCI
0.17370671296296297,LBC
0.08060000000000002,baseline
