averages,heuristics
165987.97272466266,HBI
163793.33175423485,HCI
169340.8873097904,HB
166019.472150445,HC
170915.7706000574,LB
169786.93597473443,LC
170926.69250645995,HBC
164364.77662934252,HBCI
167280.4877978754,LBC
167601.81416084472,Baseline
163391.1469997129,baseline
163391.1469997129,Baseline
