averages,heuristics
166495.07780648867,HBI
164621.2741889176,HCI
168981.71547516508,HB
166726.2720356015,HC
170849.93396497273,LB
169931.1149870801,LC
170808.13680734998,HBC
163510.79313809934,HBCI
166789.63795578523,LBC
167634.88403994002,Baseline
161466.77978753948,baseline
161466.77978753948,Baseline
