averages,heuristics
165228.47286821707,HBI
164578.20671834625,HCI
168895.6270456503,HB
164556.52038472582,HC
170589.4171691071,LB
169869.12675854148,LC
170744.13752512203,HBC
164102.28524260694,HBCI
163924.89376973873,LBC
166943.18749800618,Baseline
159035.70499569338,baseline
159035.70499569338,Baseline
