averages,heuristics
166195.0647430376,HBI
164145.653028998,HCI
168457.62747631353,HB
167369.97674418605,HC
170691.82357163363,LB
169855.9773184037,LC
170446.86376686764,HBC
165354.53775480908,HBCI
166142.79098478323,LBC
167628.92393211473,Baseline
159663.55412001148,baseline
159663.55412001148,Baseline
