averages,heuristics
28.23026126902096,HBI
27.636950904392766,HCI
29.012202124605224,HB
27.577806488659203,HC
29.75567039908125,LB
29.392334194659774,LC
30.757105943152453,HBC
26.89865058857307,HBCI
28.1626471432673,LBC
28.602625450601334,Baseline
38.50502440424921,baseline
38.50502440424921,Baseline
