averages,heuristics
28.66896353718059,HBI
28.039764570772324,HCI
28.83146712604077,HB
28.20714900947459,HC
29.87367212173414,LB
30.18288831467126,LC
30.861757105943152,HBC
26.844961240310077,HBCI
27.897502153316108,LBC
28.82312501993811,Baseline
37.455641688199826,baseline
37.455641688199826,Baseline
