averages,heuristics
28.346827447602642,HBI
27.951478610393337,HCI
29.496985357450473,HB
29.06632213608958,HC
29.565173700832617,LB
30.715331610680447,LC
31.09503301751364,HBC
29.237151880562735,HBCI
28.455354579385588,LBC
29.32551759339012,Baseline
35.805340223944874,baseline
35.805340223944874,Baseline
