averages,heuristics
28.353287395923054,HBI
27.953631926500144,HCI
29.709732988802756,HB
27.52512202124605,HC
29.823140970427794,LB
29.604220499569337,LC
31.344674131495836,HBC
28.198966408268735,HBCI
26.69796152741889,LBC
28.801193096628065,Baseline
35.883433821418315,baseline
35.883433821418315,Baseline
