averages,heuristics
5677.726657482883,HBI
5379.3604559830455,HCI
5770.053147375284,HB
5347.96362569286,HC
5475.180686012391,LB
5708.831292142158,LC
5547.001910824911,HBC
5557.822127812194,HBCI
5631.983642810564,LBC
5566.213727348477,Baseline
4403.009615096185,baseline
4403.009615096185,Baseline
