averages,heuristics
5362.8362370394525,HBI
5465.772406097164,HCI
5667.270317574178,HB
5521.536264916857,HC
5491.689115259211,LB
5605.207153896315,LC
5542.5595438539285,HBC
5600.741684382132,HBCI
5783.53596543854,LBC
5560.127632050864,Baseline
4309.165153407238,baseline
4309.165153407238,Baseline
