averages,heuristics
5558.338487936094,HBI
5363.904554776655,HCI
5415.6836506357995,HB
5536.364929735897,HC
5506.2010492337795,LB
5264.846114281056,LC
5339.40228937072,HBC
5615.871433974568,HBCI
5426.135104336485,LBC
5447.416401586783,Baseline
3962.8463968046954,baseline
3962.8463968046954,Baseline
