averages,heuristics
5663.63102461689,HBI
5396.4397204108245,HCI
5410.445208509945,HB
5319.042808281708,HC
5515.8004455493965,LB
5450.71342044343,LC
5373.036606944897,HBC
5498.120581349853,HBCI
5406.2519378871875,LBC
5448.164639332682,Baseline
3958.4068594717965,baseline
3958.4068594717965,Baseline
