averages,heuristics
184567.58822733423,HBI
183147.24330175912,HCI
186954.63098782138,HB
184824.46116373478,HC
189156.69580514208,LB
189080.09891745602,LC
189655.15169147495,HBC
183063.63910690122,HBCI
185232.54912043302,LBC
181062.848849797,baseline
