averages,heuristics
183430.4358592693,HBI
185279.4385656292,HCI
187289.44790257103,HB
184720.6040595399,HC
189625.24912043303,LB
189013.01244925574,LC
189294.93139377536,HBC
182542.349797023,HBCI
185436.36468200272,LBC
186292.42598105548,Baseline
180585.78119079839,baseline
180585.78119079839,Baseline
