averages,heuristics
182979.74709066306,HBI
183599.37848443844,HCI
187340.01190798378,HB
186044.48836265222,HC
189500.949120433,LB
188170.8458728011,LC
189781.09242219216,HBC
181858.07401894452,HBCI
183699.45548037888,LBC
180338.9212449256,baseline
