averages,heuristics
183731.2404600812,HBI
182321.03274695534,HCI
187548.18863328823,HB
185520.1648173207,HC
189605.94641407309,LB
188451.64154262518,LC
189801.9204330176,HBC
183084.49404600813,HBCI
183030.26346414073,LBC
185899.43250639003,Baseline
180819.00879566983,baseline
180819.00879566983,Baseline
