averages,heuristics
237399.82452528024,HBI
240650.59654541296,HCI
241840.6060398078,HB
239742.05067490277,HC
243294.1997254633,LB
241764.93788606726,LC
243405.96968657058,HBC
236201.8452299245,HBCI
238356.1897735072,LBC
237379.71002059025,baseline
