averages,heuristics
238995.1547700755,HBI
240782.1889727751,HCI
241357.32075040037,HB
240451.7315259666,HC
243021.86890871654,LB
243198.33985358043,LC
243339.3884694578,HBC
235922.1536261725,HBCI
239104.36501944636,LBC
237488.46408144588,baseline
