averages,heuristics
236952.83962479982,HBI
238733.7705330588,HCI
241668.340082361,HB
239656.42633264698,HC
243419.43651338367,LB
242273.29352550904,LC
243954.888927019,HBC
236511.5326012354,HBCI
240375.01635781286,LBC
237782.14138641043,baseline
