averages,heuristics
237601.86250285976,HBI
238249.63097689315,HCI
242906.05902539464,HB
240856.77602379318,HC
243512.7315259666,LB
241950.04346831387,LC
243116.68474033402,HBC
236811.75772134523,HBCI
238487.90139556167,LBC
238024.3419126058,baseline
