averages,heuristics
4901.215516338721,HBI
4959.042128777231,HCI
4818.360706078707,HB
4822.1235757203085,HC
4891.102486472242,LB
4792.197287772312,LC
4946.43054515109,HBC
4939.099662508784,HBCI
4965.916590477864,LBC
4892.832055477474,Baseline
3760.145593464512,baseline
3760.145593464512,Baseline
