averages,heuristics
4787.942546380886,HBI
4875.272862087139,HCI
4836.164511770907,HB
4922.610076950105,HC
4862.017508608573,LB
4804.679236296556,LC
4931.043838369642,HBC
4877.378263527758,HBCI
5043.641485242445,LBC
3730.1138125439215,baseline
