averages,heuristics
5118.806874912158,HBI
4796.6811510892485,HCI
4868.30659135629,HB
4851.4399451862255,HC
4947.0911567111725,LB
5060.554770730851,LC
5008.120961524948,HBC
5052.476475228391,HBCI
5152.814830463809,LBC
3968.0889031974702,baseline
