averages,heuristics
5032.570426212228,HBI
4693.950277055516,HCI
4966.664729444835,HB
4812.04453092059,HC
4940.6229402670415,LB
4882.055884574842,LC
4971.843025474351,HBC
4867.377974877021,HBCI
4970.708144413211,LBC
3972.0004205903024,baseline
