averages,heuristics
179847.31826716737,HBI
179415.0114002146,HCI
184174.97183476394,HB
181974.59683476394,HC
184622.97518776823,LB
184126.8517972103,LC
184772.6964860515,HBC
177823.3939109442,HBCI
181234.18535407726,LBC
181999.11123032903,Baseline
179810.29667381974,baseline
179810.29667381974,Baseline
