averages,heuristics
179865.93535407726,HBI
180441.44997317597,HCI
183779.7117757511,HB
181901.73591738197,HC
184632.7872854077,LB
184029.70748390557,LC
184815.23323497854,HBC
178805.16738197426,HBCI
181124.90544527897,LBC
182155.1815391035,Baseline
179613.65075107297,baseline
179613.65075107297,Baseline
