averages,heuristics
179270.61869635194,HBI
180845.1098444206,HCI
183938.36950107297,HB
181986.1585300429,HC
184541.3503218884,LB
183856.7939914163,LC
184490.47840665237,HBC
178687.0753755365,HBCI
182339.0814109442,LBC
182217.22623092512,Baseline
179222.17167381974,baseline
179222.17167381974,Baseline
