averages,heuristics
178733.4152360515,HBI
179728.04801502146,HCI
184033.66925965666,HB
182214.26032725323,HC
184348.24637875537,LB
183603.1350590129,LC
184449.79439377683,HBC
178226.6689914163,HBCI
182025.3205472103,LBC
181929.1731342394,Baseline
179784.9238197425,baseline
179784.9238197425,Baseline
