averages,heuristics
0.13060286925334202,HBI
0.1278413759373981,HCI
0.16031415063580043,HB
0.12139012063906096,HC
0.13299380502119335,LB
0.12433338767525268,LC
0.13609162047603518,HBC
0.14786876426475382,HBCI
0.1179621780241278,LBC
0.0642238343658298,baseline
