averages,heuristics
0.11663971307466581,HBI
0.1327076948157809,HCI
0.14477306814476687,HB
0.12975529833713725,HC
0.13238686012389958,LB
0.1417782849690251,LC
0.1232075317900228,HBC
0.13784235409194653,HBCI
0.16379850016302577,LBC
0.06340430388001304,baseline
