averages,heuristics
0.14645989566351483,HBI
0.15096429735898273,HCI
0.12339664166938376,HB
0.13777844799478317,HC
0.13631512879034885,LB
0.11727763286599283,LC
0.1450161395500489,HBC
0.13207678513205087,HBCI
0.15030502119334854,LBC
0.06259227257906749,baseline
