averages,heuristics
0.13595679817411152,HBI
0.14422318226279754,HCI
0.17491294424519077,HB
0.143457939354418,HC
0.11683094228888163,LB
0.10722513857189435,LC
0.15812455167916528,HBC
0.12274600586892728,HBCI
0.16552070427127485,LBC
0.07645011411803065,baseline
