averages,heuristics
248117.95267799526,HBI
247192.9949451495,HCI
252529.49849429986,HB
250835.55732415573,HC
254240.5607657561,LB
253133.25048397505,LC
254499.00365670037,HBC
246401.81350828134,HBCI
248226.25865777588,LBC
243749.08743815875,baseline
