averages,heuristics
248276.059905356,HBI
249161.56055065605,HCI
252222.33587868357,HB
249899.91869219186,HC
254109.13648096364,LB
252810.96343299633,LC
254629.59711765972,HBC
247184.31759518175,HBCI
248724.46881049688,LBC
245164.38234028823,baseline
