averages,heuristics
247303.3309313831,HBI
249901.9979565498,HCI
253193.479995698,HB
250863.80705528072,HC
254279.27382232738,LB
252978.859862336,LC
254403.84340718435,HBC
247764.45945364595,HBCI
249520.6948806195,LBC
240874.85383953538,baseline
