averages,heuristics
247367.14583781458,HBI
249805.51753065176,HCI
251374.7288664229,HB
251681.3908367391,HC
253841.57334910735,LB
251524.54355775437,LC
254646.32533878254,HBC
247475.810066681,HBCI
250022.41084104107,LBC
245892.27575822757,baseline
