averages,heuristics
0.1607349120433018,HBI
0.1540571041948579,HCI
0.13254018944519622,HB
0.1622746955345061,HC
0.1538663058186739,LB
0.12435953991880919,LC
0.12740351826792964,HBC
0.1340810554803789,HBCI
0.13733924221921515,LBC
0.0692722598105548,baseline
