averages,heuristics
0.13575845737483086,HBI
0.14976914749661704,HCI
0.12466725304465492,HB
0.15757036535859273,HC
0.12531569688768604,LB
0.12956427604871448,LC
0.1240786197564276,HBC
0.14970405953991883,HBCI
0.15719269282814613,LBC
0.10462205683355887,baseline
