averages,heuristics
0.1551388362652233,HBI
0.15072002706359944,HCI
0.14737699594046008,HB
0.168304600811908,HC
0.17911799729364006,LB
0.12313626522327471,LC
0.18126684709066304,HBC
0.1341236806495264,HBCI
0.1619106901217862,LBC
0.10434898511502029,baseline
