averages,heuristics
0.153453450608931,HBI
0.16538132611637346,HCI
0.13601393775372125,HB
0.15115967523680648,HC
0.13487347767253044,LB
0.13665981055480378,LC
0.1583129905277402,HBC
0.1462027063599459,HBCI
0.1418297699594046,LBC
0.07521407307171855,baseline
