averages,heuristics
131739.95098383696,HBI
130407.73278285313,HCI
135337.94026704147,HB
133420.98981026,HC
135563.9218200984,LB
135438.08819395644,LC
135272.24894588898,HBC
130398.96539002108,HBCI
132218.40372452565,LBC
133310.9157687202,Baseline
129001.72768798313,baseline
129001.72768798313,Baseline
