averages,heuristics
132154.34082923402,HBI
130814.01844694308,HCI
135211.41373858045,HB
132977.55815179198,HC
135474.22575544624,LB
135403.65600843288,LC
135179.8559381588,HBC
131241.71433591004,HBCI
132076.5542867182,LBC
133392.5930545795,Baseline
128025.95045678144,baseline
128025.95045678144,Baseline
