averages,heuristics
131145.99736472243,HBI
130881.96293042866,HCI
134689.80903021785,HB
133029.9400913563,HC
135469.11261419536,LB
135492.75860857344,LC
135383.0511243851,HBC
131090.24859451863,HBCI
132438.3793042867,LBC
126972.15003513703,baseline
