averages,heuristics
130560.44360505973,HBI
130648.08309908643,HCI
134721.55657062543,HB
132663.73313422347,HC
135456.3624385102,LB
134563.19676739283,LC
135255.25562192552,HBC
129500.1937807449,HBCI
131470.77565003512,LBC
132759.95562973374,Baseline
127814.84609978918,baseline
127814.84609978918,Baseline
