averages,heuristics
0.14344532143674216,HBI
0.14656005490734386,HCI
0.14249119194692292,HB
0.1768129718599863,HC
0.1540663463738275,LB
0.15876069549302219,LC
0.16924250743536948,HBC
0.15749599633951042,HBCI
0.165822695035461,LBC
0.07342495996339511,baseline
