averages,heuristics
0.14529489819263328,HBI
0.14326687256920614,HCI
0.14536307481125602,HB
0.17443971631205676,HC
0.16270441546556852,LB
0.16554175245939143,LC
0.1774744909631663,HBC
0.16276389842141387,HBCI
0.16849416609471518,LBC
0.06963372226035233,baseline
