averages,heuristics
0.1567791123312743,HBI
0.17913074811256005,HCI
0.1658277282086479,HB
0.15488995653168608,HC
0.19723598718828644,LB
0.15814070006863423,LC
0.1621366964081446,HBC
0.1449859299931366,HBCI
0.15395298558682224,LBC
0.08301521390986046,baseline
