averages,heuristics
0.15573850377487994,HBI
0.18846774193548388,HCI
0.1738272706474491,HB
0.1619739190116678,HC
0.1616013498055365,LB
0.16362228323038205,LC
0.15824056280027454,HBC
0.1598101121024937,HBCI
0.14723690231068406,LBC
0.06729066575154428,baseline
